{"cameraMode":{"drawMode":0,"name":"Shaded","section":"Shading Mode"},"sceneLighting":true,"audioPlay":false,"sceneViewState":{"m_AlwaysRefresh":false,"showFog":true,"showSkybox":true,"showFlares":true,"showImageEffects":true,"showParticleSystems":true,"showVisualEffectGraphs":true,"m_FxEnabled":true},"in2DMode":false,"pivot":{"x":662.513916015625,"y":481.99713134765627,"z":-221.8796844482422},"rotation":{"x":-0.06370767205953598,"y":0.11648870259523392,"z":0.0074874176643788818,"w":0.9911211729049683},"size":875.6080932617188,"orthographic":false}